"pid";"gender";"drug";"age";"weight";"height";"bmi";"bp1";"bp2"
1;"female";"yes";NA;66;173;22.1;129;123
2;NA;"no";56.5;82;NA;NA;122;122
3;"male";"no";45.9;65;165;23.9;109;105
4;"female";"yes";64;59;160;23;126;116
5;"male";"no";58;55;174;18.2;NA;139
6;"female";"no";52.9;75;182;22.6;106;109
7;"male";"no";77.8;84;169;29.4;128;133
8;"male";"yes";56.9;68;177;21.7;144;133
9;"female";"yes";49.9;66;169;23.1;118;117
10;"male";"yes";65.3;68;175;22.2;132;120
11;"female";"no";47.7;79;156;32.5;140;140
12;"female";"no";41.4;59;163;22.2;114;119
13;"female";"yes";49.2;60;154;25.3;120;114
14;"male";NA;59.9;70;180;21.6;128;NA
15;"female";"yes";41.9;70;163;26.3;107;100
16;"male";"no";63.4;75;175;24.5;155;152
17;"female";"yes";53.9;62;162;23.6;126;114
18;"male";"yes";56.6;91;171;31.1;114;118
19;"male";"yes";44.9;79;173;26.4;127;112
20;"male";NA;42.9;84;169;29.4;108;NA
21;"female";"no";49.8;54;177;17.2;115;111
22;"male";"yes";55.9;84;169;29.4;118;111
23;"female";"yes";43.6;60;161;23.1;119;115
24;"female";"no";31.5;64;160;25;105;101
25;"male";"yes";45.8;69;176;22.3;112;113
26;"male";"no";54.2;72;165;26.4;147;149
27;"male";"no";49.2;64;175;20.9;135;139
28;"female";"yes";48;57;168;20.2;97;101
29;"female";"yes";70.4;60;160;23.4;112;103
30;"male";"no";60.2;80;169;28;121;112
31;"female";"yes";32.2;59;161;22.8;102;95
32;"male";"no";56.2;72;171;24.8;126;124
33;"female";"yes";46.2;66;167;23.7;116;112
34;"female";"no";53;58;160;22.7;111;109
35;"male";"no";33.6;74;173;25;117;118
36;"female";"no";50.2;60;162;22.9;112;110
37;"male";"yes";69.7;79;177;25.4;140;136
38;"female";"yes";79;62;163;23.2;127;119
39;"male";"no";56;75;173;25;128;128
40;"male";"yes";52.7;76;174;25.1;128;123
41;"female";"yes";52.9;64;165;23.4;117;111
42;"female";"yes";54.2;65;166;23.5;119;114
43;"female";"no";39.5;73;173;24.4;121;127
44;"male";"yes";48;71;169;24.6;120;112
45;"female";"yes";55.4;56;158;22.3;110;99
46;"female";"yes";57;72;172;24.3;128;126
47;"female";"no";52.1;54;156;22;105;100
48;"male";"yes";50.4;67;166;24.2;117;107
49;"female";"no";36.5;60;162;23;106;105
50;"male";"yes";60;85;182;25.8;142;141
51;"female";"yes";45.4;68;168;23.9;118;115
52;"male";"no";67.6;60;160;23.4;117;108
53;"male";"no";54.5;76;174;25.1;130;130
54;"male";"yes";53.1;81;178;25.5;134;131
55;"female";"no";45.4;68;168;23.9;118;121
56;"female";"yes";45.9;77;176;24.8;129;131
57;"female";"yes";49.3;70;170;24.1;123;120
58;"male";"no";62.1;77;174;25.2;133;134
59;"female";"yes";36.7;76;175;24.7;123;125
60;"female";"yes";45.4;78;177;24.9;130;133
61;"male";"no";55.4;75;173;25;128;128
62;"male";"yes";50.9;67;167;24.3;118;107
63;"male";"yes";51.4;69;168;24.5;120;111
64;"female";"no";42.6;67;168;23.8;116;119
65;"male";"yes";61.2;76;174;25.1;132;126
66;"male";"yes";55.5;79;176;25.3;133;129
67;"female";"yes";61.7;66;167;23.7;124;119
68;"female";"yes";52.7;59;161;22.7;111;103
69;"male";"no";55.2;68;167;24.3;120;116
70;"female";"no";45.1;63;164;23.3;113;113
71;"female";"no";40.4;69;170;24.1;118;122
72;"female";"yes";55.9;71;171;24.2;127;125
73;"male";"yes";41.8;80;178;25.5;128;125
74;"female";"no";56.6;67;168;23.9;123;126
75;"female";"no";28.9;74;174;24.5;117;124
76;"female";"yes";52.8;74;174;24.6;129;129
77;"female";"no";44.5;55;157;22.2;103;99
78;"female";"no";68.2;79;178;25;142;150
79;"male";"no";42.5;83;180;25.6;131;136
80;"female";"no";53.1;66;167;23.7;119;121
81;"female";"no";35.4;53;156;21.8;97;92
82;"male";"yes";68.7;68;167;24.3;126;115
83;"male";"no";48;67;166;24.2;116;112
84;"male";"yes";46.5;82;179;25.6;132;130
85;"female";"no";56.7;57;159;22.5;111;108
86;"male";"yes";47.2;82;179;25.6;132;131
87;"female";"no";33.2;62;164;23.2;106;107
88;"female";"no";33.1;76;175;24.7;122;130
89;"male";"no";54.1;80;178;25.4;134;137
90;"female";"no";49.9;60;161;22.9;111;110
91;"female";"no";46.5;90;188;25.7;144;160
92;"male";"no";49.5;66;166;24.1;116;111
93;"male";"yes";41.7;80;177;25.4;127;124
94;"female";"no";51.4;67;168;23.8;120;123
95;"male";"yes";55.8;72;171;24.8;126;118
96;"male";"no";41.1;80;178;25.5;128;131
97;"male";"no";50.7;74;172;24.9;125;124
98;"male";"yes";69.1;64;164;23.9;123;110
99;"female";"no";44.3;61;163;23.1;110;110
100;"female";"no";54.6;68;168;23.9;122;125
